Description,YearMonth
 OVAL WALL MIRROR DIAMANTE ,13
10 COLOUR SPACEBOY PEN,13
12 COLOURED PARTY BALLOONS,13
12 EGG HOUSE PAINTED WOOD,13
12 MESSAGE CARDS WITH ENVELOPES,13
12 PENCILS SMALL TUBE SKULL,13
12 PENCILS TALL TUBE RED RETROSPOT,13
12 PENCILS TALL TUBE SKULLS,13
12 PENCILS TALL TUBE WOODLAND,13
12 RED ROSE PEG PLACE SETTINGS,13
200 BENDY SKULL STRAWS,13
200 RED + WHITE BENDY STRAWS,13
3 HEARTS HANGING DECORATION RUSTIC,13
3 HOOK PHOTO SHELF ANTIQUE WHITE,13
3 PIECE SPACEBOY COOKIE CUTTER SET,13
3 STRIPEY MICE FELTCRAFT,13
3 TIER CAKE TIN GREEN AND CREAM,13
3 TRADITIONAl BISCUIT CUTTERS  SET,13
36 FOIL HEART CAKE CASES,13
36 FOIL STAR CAKE CASES ,13
36 PENCILS TUBE RED RETROSPOT,13
36 PENCILS TUBE SKULLS,13
3D SHEET OF DOG STICKERS,13
4 IVORY DINNER CANDLES SILVER FLOCK,13
4 LAVENDER BOTANICAL DINNER CANDLES,13
4 ROSE PINK DINNER CANDLES,13
4 SKY BLUE DINNER CANDLES,13
4 TRADITIONAL SPINNING TOPS,13
4 VANILLA BOTANICAL CANDLES,13
6 CHOCOLATE LOVE HEART T-LIGHTS,13
6 EGG HOUSE PAINTED WOOD,13
6 RIBBONS EMPIRE  ,13
6 RIBBONS RUSTIC CHARM,13
6 RIBBONS SHIMMERING PINKS ,13
6 ROCKET BALLOONS ,13
60 CAKE CASES DOLLY GIRL DESIGN,13
60 CAKE CASES VINTAGE CHRISTMAS,13
60 TEATIME FAIRY CAKE CASES,13
72 SWEETHEART FAIRY CAKE CASES,13
75 GREEN FAIRY CAKE CASES,13
75 GREEN PETIT FOUR CASES,13
ABSTRACT CIRCLES POCKET BOOK,13
ABSTRACT CIRCLES SKETCHBOOK ,13
AGED GLASS SILVER T-LIGHT HOLDER,13
AIRLINE BAG VINTAGE JET SET BROWN,13
AIRLINE BAG VINTAGE JET SET RED,13
AIRLINE BAG VINTAGE JET SET WHITE,13
AIRLINE BAG VINTAGE TOKYO 78,13
AIRLINE BAG VINTAGE WORLD CHAMPION ,13
"AIRLINE LOUNGE,METAL SIGN",13
ALARM CLOCK BAKELIKE CHOCOLATE,13
ALARM CLOCK BAKELIKE GREEN,13
ALARM CLOCK BAKELIKE IVORY,13
ALARM CLOCK BAKELIKE ORANGE,13
ALARM CLOCK BAKELIKE PINK,13
ALARM CLOCK BAKELIKE RED ,13
ALPHABET HEARTS STICKER SHEET,13
ALPHABET STENCIL CRAFT,13
ANIMAL STICKERS,13
ANT WHITE WIRE HEART SPIRAL,13
ANTIQUE ALL GLASS CANDLESTICK,13
ANTIQUE GLASS DRESSING TABLE POT,13
ANTIQUE GLASS PEDESTAL BOWL,13
ANTIQUE SILVER TEA GLASS ENGRAVED,13
ANTIQUE TALL SWIRLGLASS TRINKET POT,13
APPLE BATH SPONGE,13
AREA PATROLLED METAL SIGN,13
ASS FLORAL PRINT SPIRIT LEVEL ,13
ASSORTED BOTTLE TOP  MAGNETS ,13
ASSORTED COLOUR BIRD ORNAMENT,13
ASSORTED COLOUR LIZARD SUCTION HOOK,13
ASSORTED COLOUR MINI CASES,13
ASSORTED COLOUR T-LIGHT HOLDER,13
ASSORTED COLOURS SILK FAN,13
"ASSORTED FLOWER COLOUR ""LEIS""",13
ASSORTED MONKEY SUCTION CUP HOOK,13
ASSTD DESIGN RACING CAR PEN,13
BABUSHKA LIGHTS STRING OF 10,13
BAG 125g SWIRLY MARBLES,13
BAG 250g SWIRLY MARBLES,13
BAG 500g SWIRLY MARBLES,13
BAKING MOULD CHOCOLATE CUPCAKES,13
BAKING MOULD HEART MILK CHOCOLATE,13
BAKING MOULD HEART WHITE CHOCOLATE,13
BAKING MOULD ROSE MILK CHOCOLATE,13
BAKING MOULD ROSE WHITE CHOCOLATE,13
BAKING MOULD TOFFEE CUP CHOCOLATE,13
BAKING SET 9 PIECE RETROSPOT ,13
BAKING SET SPACEBOY DESIGN,13
BALLOON ART MAKE YOUR OWN FLOWERS,13
BALLOON PUMP WITH 10 BALLOONS,13
BALLOON WATER BOMB PACK OF 35,13
BALLOONS  WRITING SET ,13
BANQUET BIRTHDAY  CARD  ,13
BASKET OF FLOWERS SEWING KIT,13
BASKET OF TOADSTOOLS,13
BATH BUILDING BLOCK WORD,13
BATHROOM METAL SIGN,13
BEADED CRYSTAL HEART GREEN ON STICK,13
BEADED CRYSTAL HEART PINK LARGE,13
BEADED CRYSTAL HEART PINK ON STICK,13
BEWARE OF THE CAT METAL SIGN ,13
BIG DOUGHNUT FRIDGE MAGNETS,13
BINGO SET,13
BIRD DECORATION RED RETROSPOT,13
BIRD HOUSE HOT WATER BOTTLE,13
BIRDCAGE DECORATION TEALIGHT HOLDER,13
BIRDHOUSE DECORATION MAGIC GARDEN,13
BIRDHOUSE GARDEN MARKER ,13
BIRDS MOBILE VINTAGE DESIGN,13
"BIRTHDAY CARD, RETRO SPOT",13
BIRTHDAY PARTY CORDON BARRIER TAPE,13
BISCUIT TIN VINTAGE GREEN,13
BISCUIT TIN VINTAGE RED,13
BLACK AND WHITE CAT BOWL,13
BLACK ENCHANTED FOREST PLACEMAT,13
BLACK HEART CARD HOLDER,13
BLACK KITCHEN SCALES,13
BLACK PIRATE TREASURE CHEST,13
BLACK RECORD COVER FRAME,13
BLACK SWEETHEART BRACELET,13
BLACK TEA TOWEL CLASSIC DESIGN,13
"BLACK TEA,COFFEE,SUGAR JARS",13
BLACK/BLUE POLKADOT UMBRELLA,13
BLUE CALCULATOR RULER,13
BLUE COAT RACK PARIS FASHION,13
BLUE DINER WALL CLOCK,13
BLUE DRAWER KNOB ACRYLIC EDWARDIAN,13
BLUE EGG  SPOON,13
BLUE GLASS GEMS IN BAG,13
BLUE HAPPY BIRTHDAY BUNTING,13
BLUE HARMONICA IN BOX ,13
BLUE PAISLEY JOURNAL ,13
BLUE PAISLEY SKETCHBOOK,13
BLUE PARTY BAGS ,13
BLUE POLKADOT BOWL,13
BLUE POLKADOT CUP,13
BLUE POLKADOT KIDS BAG,13
BLUE POLKADOT LUGGAGE TAG ,13
BLUE POLKADOT PASSPORT COVER,13
BLUE POLKADOT PLATE ,13
BLUE POLKADOT WRAP,13
BLUE PUDDING SPOON,13
BLUE SCOTTIE DOG W FLOWER PATTERN,13
BLUE SPOT CERAMIC DRAWER KNOB,13
BLUE STRIPE CERAMIC DRAWER KNOB,13
BLUE VICTORIAN FABRIC OVAL BOX,13
BLUE/CREAM STRIPE CUSHION COVER ,13
BOHEMIAN COLLAGE STATIONERY SET,13
BOOM BOX SPEAKER BOYS,13
BOOM BOX SPEAKER GIRLS,13
BOOZE & WOMEN GREETING CARD ,13
BOTANICAL LAVENDER BIRTHDAY CARD,13
BOTTLE BAG RETROSPOT ,13
BOUDOIR SQUARE TISSUE BOX,13
BOX OF 24 COCKTAIL PARASOLS,13
BOX OF 6 ASSORTED COLOUR TEASPOONS,13
BOX OF VINTAGE ALPHABET BLOCKS,13
BOX OF VINTAGE JIGSAW BLOCKS ,13
BOYS ALPHABET IRON ON PATCHES,13
BOYS VINTAGE TIN SEASIDE BUCKET,13
BREAD BIN DINER STYLE RED ,13
BROCADE RING PURSE ,13
BROWN  PIRATE TREASURE CHEST ,13
BUTTON BOX ,13
Bank Charges,13
CACTI T-LIGHT CANDLES,13
CAKE PLATE LOVEBIRD PINK,13
CAKE PLATE LOVEBIRD WHITE,13
CAKE STAND LOVEBIRD 2 TIER PINK,13
CAKE STAND VICTORIAN FILIGREE SMALL,13
CAKE STAND WHITE TWO TIER LACE,13
CAKES AND BOWS GIFT  TAPE,13
CALENDAR IN SEASON DESIGN,13
CAMOUFLAGE LED TORCH,13
CAMPHOR WOOD PORTOBELLO MUSHROOM,13
CANDLE PLATE LACE WHITE,13
CANDY SPOT EGG WARMER RABBIT,13
CARAVAN SQUARE TISSUE BOX,13
CARD BILLBOARD FONT,13
CARD BIRTHDAY COWBOY,13
CARD CAT AND TREE ,13
CARD CIRCUS PARADE,13
CARD DOG AND BALL ,13
CARD GINGHAM ROSE ,13
CARD I LOVE LONDON ,13
CARD PARTY GAMES ,13
CARD PSYCHEDELIC APPLES,13
CARD SUKI BIRTHDAY,13
CARRIAGE,13
CARROT CHARLIE+LOLA COASTER SET,13
CAT BOWL VINTAGE CREAM,13
CERAMIC BOWL WITH STRAWBERRY DESIGN,13
CERAMIC CAKE BOWL + HANGING CAKES,13
CERAMIC CAKE DESIGN SPOTTED MUG,13
CERAMIC CAKE DESIGN SPOTTED PLATE,13
CERAMIC CAKE STAND + HANGING CAKES,13
CERAMIC CHERRY CAKE MONEY BANK,13
CERAMIC HEART FAIRY CAKE MONEY BANK,13
CERAMIC PIRATE CHEST MONEY BANK,13
CERAMIC PLATE STRAWBERRY DESIGN,13
CERAMIC STRAWBERRY CAKE MONEY BANK,13
CERAMIC STRAWBERRY DESIGN MUG,13
CERAMIC STRAWBERRY TRINKET TRAY,13
CHARLIE & LOLA WASTEPAPER BIN FLORA,13
CHARLIE + LOLA RED HOT WATER BOTTLE,13
CHARLIE LOLA BLUE HOT WATER BOTTLE ,13
CHARLIE+LOLA PINK HOT WATER BOTTLE,13
CHARLIE+LOLA RED HOT WATER BOTTLE ,13
CHARLOTTE BAG DOLLY GIRL DESIGN,13
CHARLOTTE BAG PINK POLKADOT,13
CHARLOTTE BAG SUKI DESIGN,13
CHERRY BLOSSOM  DECORATIVE FLASK,13
CHERRY BLOSSOM PASSPORT COVER,13
CHERRY CROCHET FOOD COVER,13
CHEST OF DRAWERS GINGHAM HEART ,13
CHICK GREY HOT WATER BOTTLE,13
CHILDREN'S APRON DOLLY GIRL ,13
CHILDREN'S CIRCUS PARADE MUG,13
CHILDREN'S SPACEBOY MUG,13
CHILDRENS APRON APPLES DESIGN,13
CHILDRENS APRON SPACEBOY DESIGN,13
CHILDRENS DOLLY GIRL MUG,13
CHILDS BREAKFAST SET CIRCUS PARADE,13
CHILDS BREAKFAST SET DOLLY GIRL ,13
CHILDS BREAKFAST SET SPACEBOY ,13
CHILDS GARDEN FORK BLUE ,13
CHILDS GARDEN FORK PINK,13
CHILDS GARDEN RAKE PINK,13
CHILDS GARDEN SPADE BLUE,13
CHILDS GARDEN SPADE PINK,13
CHILLI LIGHTS,13
CHOC TRUFFLE GOLD TRINKET POT ,13
CHOCOLATE BOX RIBBONS ,13
CHOCOLATE CALCULATOR,13
CHOCOLATE HOT WATER BOTTLE,13
CHOCOLATE THIS WAY METAL SIGN,13
CHRISTMAS LIGHTS 10 VINTAGE BAUBLES,13
CHRYSANTHEMUM SKETCHBOOK ,13
CINAMMON SET OF 9 T-LIGHTS,13
CIRCUS PARADE CHILDRENS EGG CUP ,13
CIRCUS PARADE LUNCH BOX ,13
CITRONELLA CANDLE FLOWERPOT,13
CITRONELLA CANDLE GARDEN POT,13
CLAM SHELL SMALL ,13
CLASSIC FRENCH STYLE BASKET BROWN,13
CLASSIC METAL BIRDCAGE PLANT HOLDER,13
CLEAR DRAWER KNOB ACRYLIC EDWARDIAN,13
CLOTHES PEGS RETROSPOT PACK 24 ,13
COCKLE SHELL DISH,13
COFFEE MUG APPLES DESIGN,13
COFFEE MUG CAT + BIRD DESIGN,13
COFFEE MUG DOG + BALL DESIGN,13
COFFEE MUG PEARS  DESIGN,13
COFFEE MUG PINK PAISLEY DESIGN,13
COFFEE SCENT PILLAR CANDLE,13
COLOUR GLASS T-LIGHT HOLDER HANGING,13
COLOURING PENCILS BROWN TUBE,13
COLUMBIAN CANDLE ROUND,13
COOK WITH WINE METAL SIGN ,13
COSMETIC BAG VINTAGE ROSE PAISLEY,13
COWBOYS AND INDIANS BIRTHDAY CARD ,13
CRAZY DAISY HEART DECORATION,13
CREAM CUPID HEARTS COAT HANGER,13
CREAM HEART CARD HOLDER,13
CREAM SLICE FLANNEL CHOCOLATE SPOT ,13
CREAM SLICE FLANNEL PINK SPOT ,13
CREAM SWEETHEART MINI CHEST,13
CREAM WALL PLANTER HEART SHAPED,13
CUPBOARD 3 DRAWER MA CAMPAGNE,13
CUPCAKE LACE PAPER SET 6,13
CURIOUS IMAGES GIFT WRAP SET,13
CUTE CATS TAPE,13
DAIRY MAID LARGE MILK JUG,13
DAIRY MAID TOASTRACK,13
DAIRY MAID TRADITIONAL TEAPOT ,13
DAISIES  HONEYCOMB GARLAND ,13
DAISY GARDEN MARKER,13
DANISH ROSE DECORATIVE PLATE,13
DANISH ROSE DELUXE COASTER,13
DECORATION  BUTTERFLY  MAGIC GARDEN,13
DECORATIVE CATS BATHROOM BOTTLE,13
DECORATIVE FLORE BATHROOM BOTTLE,13
DECORATIVE ROSE BATHROOM BOTTLE,13
DELUXE SEWING KIT ,13
"DIAMANTE HEART SHAPED WALL MIRROR, ",13
DINOSAUR LUNCH BOX WITH CUTLERY,13
DINOSAUR PARTY BAG + STICKER SET,13
DINOSAURS  WRITING SET ,13
DISCO BALL CHRISTMAS DECORATION,13
DISCO BALL ROTATOR BATTERY OPERATED,13
DOCTOR'S BAG SOFT TOY,13
DOG BOWL CHASING BALL DESIGN,13
DOG BOWL VINTAGE CREAM,13
DOG TOY WITH PINK CROCHET SKIRT,13
DOLLY GIRL CHILDRENS EGG CUP,13
DOLLY GIRL LUNCH BOX,13
DOLLY MIXTURE CHILDREN'S UMBRELLA,13
DOOR HANGER  MUM + DADS ROOM,13
DOORMAT 3 SMILEY CATS,13
DOORMAT AIRMAIL ,13
DOORMAT BLACK FLOCK ,13
DOORMAT ENGLISH ROSE ,13
DOORMAT FAIRY CAKE,13
DOORMAT FANCY FONT HOME SWEET HOME,13
DOORMAT HEARTS,13
DOORMAT HOME SWEET HOME BLUE ,13
DOORMAT I LOVE LONDON,13
DOORMAT MULTICOLOUR STRIPE,13
DOORMAT NEIGHBOURHOOD WITCH ,13
DOORMAT NEW ENGLAND,13
DOORMAT RED RETROSPOT,13
DOORMAT RESPECTABLE HOUSE,13
DOORMAT SPOTTY HOME SWEET HOME,13
DOORMAT TOPIARY,13
DOORMAT UNION FLAG,13
DOORMAT UNION JACK GUNS AND ROSES,13
DOORMAT WELCOME PUPPIES,13
DOORMAT WELCOME TO OUR HOME,13
DOORSTOP RETROSPOT HEART,13
DOTCOM POSTAGE,13
Discount,13
EASTER CRAFT 4 CHICKS ,13
EAU DE NILE JEWELLED PHOTOFRAME,13
EDWARDIAN PARASOL BLACK,13
EDWARDIAN PARASOL NATURAL,13
EDWARDIAN PARASOL PINK,13
EDWARDIAN PARASOL RED,13
EGG CUP NATURAL CHICKEN,13
EIGHT PIECE SNAKE  SET,13
EMBOSSED GLASS TEALIGHT HOLDER,13
EMERGENCY FIRST AID TIN ,13
EMPIRE BIRTHDAY CARD,13
EMPIRE GIFT WRAP,13
EMPIRE TISSUE BOX,13
EMPIRE UNION JACK TV DINNER TRAY,13
ENAMEL BREAD BIN CREAM,13
ENAMEL COLANDER CREAM,13
ENAMEL FIRE BUCKET CREAM,13
ENAMEL MEASURING JUG CREAM,13
ENAMEL WASH BOWL CREAM,13
ENAMEL WATERING CAN CREAM,13
ENCHANTED BIRD COATHANGER 5 HOOK,13
ENGLISH ROSE HOT WATER BOTTLE,13
ENGLISH ROSE NOTEBOOK A7 SIZE,13
ENGLISH ROSE SMALL SCENTED FLOWER,13
ENGLISH ROSE SPIRIT LEVEL ,13
FAIRY CAKE BIRTHDAY CANDLE SET,13
FAIRY CAKE FLANNEL ASSORTED COLOUR,13
FAIRY CAKES NOTEBOOK A6 SIZE,13
FAIRY CAKES NOTEBOOK A7 SIZE,13
FAIRY DREAMS INCENSE ,13
FAMILY ALBUM WHITE PICTURE FRAME,13
FAMILY PHOTO FRAME CORNICE,13
"FANCY FONT BIRTHDAY CARD, ",13
FANCY FONTS BIRTHDAY WRAP,13
FAWN BLUE HOT WATER BOTTLE,13
"FEATHER PEN,COAL BLACK",13
"FEATHER PEN,HOT PINK",13
"FEATHER PEN,LIGHT PINK",13
FELT EGG COSY BLUE RABBIT ,13
FELT EGG COSY CHICKEN,13
FELT EGG COSY WHITE RABBIT ,13
FELT TOADSTOOL  SMALL,13
FELT TOADSTOOL LARGE,13
FELTCRAFT BUTTERFLY HEARTS,13
FELTCRAFT CHRISTMAS FAIRY,13
FELTCRAFT CUSHION OWL,13
FELTCRAFT DOLL EMILY,13
FELTCRAFT DOLL MOLLY,13
FELTCRAFT HAIRBAND PINK AND BLUE,13
FELTCRAFT HAIRBAND PINK AND PURPLE,13
FELTCRAFT HAIRBAND RED AND BLUE,13
FELTCRAFT HAIRBANDS PINK AND WHITE ,13
FELTCRAFT PRINCESS CHARLOTTE DOLL,13
FELTCRAFT PRINCESS LOLA DOLL,13
FELTCRAFT PRINCESS OLIVIA DOLL,13
FENG SHUI PILLAR CANDLE,13
FILIGRIS HEART WITH BUTTERFLY,13
FIRST AID TIN,13
FIRST CLASS LUGGAGE TAG ,13
FIVE HEART HANGING DECORATION,13
FLORAL FOLK STATIONERY SET,13
FLOWER VINE RAFFIA FOOD COVER,13
FLUTED ANTIQUE CANDLE HOLDER,13
FLYING PIG WATERING CAN,13
FOLDING UMBRELLA RED/WHITE POLKADOT,13
FOLKART ZINC HEART CHRISTMAS DEC,13
FOOD CONTAINER SET 3 LOVE HEART ,13
FOUR HOOK  WHITE LOVEBIRDS,13
FRENCH BATHROOM SIGN BLUE METAL,13
FRENCH BLUE METAL DOOR SIGN 0,13
FRENCH BLUE METAL DOOR SIGN 1,13
FRENCH BLUE METAL DOOR SIGN 2,13
FRENCH BLUE METAL DOOR SIGN 3,13
FRENCH BLUE METAL DOOR SIGN 4,13
FRENCH BLUE METAL DOOR SIGN 5,13
FRENCH BLUE METAL DOOR SIGN 6,13
FRENCH BLUE METAL DOOR SIGN 7,13
FRENCH BLUE METAL DOOR SIGN 8,13
FRENCH BLUE METAL DOOR SIGN 9,13
FRENCH BLUE METAL DOOR SIGN No,13
FRENCH ENAMEL CANDLEHOLDER,13
FRENCH ENAMEL WATER BASIN,13
FRENCH GARDEN SIGN BLUE METAL,13
FRENCH KITCHEN SIGN BLUE METAL,13
FRENCH LAUNDRY SIGN BLUE METAL,13
FRENCH TOILET SIGN BLUE METAL,13
FRENCH WC SIGN BLUE METAL,13
FRIDGE MAGNETS LA VIE EN ROSE,13
FRIDGE MAGNETS LES ENFANTS ASSORTED,13
FRIDGE MAGNETS US DINER ASSORTED,13
FRYING PAN BLUE POLKADOT,13
FRYING PAN PINK POLKADOT,13
FRYING PAN RED RETROSPOT,13
FRYING PAN UNION FLAG,13
FULL ENGLISH BREAKFAST PLATE,13
FUNKY DIVA PEN,13
FUNKY WASHING UP GLOVES ASSORTED,13
GAOLERS KEYS DECORATIVE GARDEN ,13
GARDEN PATH SKETCHBOOK,13
GARLAND WITH HEARTS AND BELLS,13
GENTLEMAN SHIRT REPAIR KIT ,13
GIFT BAG BIRTHDAY,13
GIFT BAG PSYCHEDELIC APPLES,13
GIN & TONIC DIET GREETING CARD ,13
GIN AND TONIC MUG,13
GINGERBREAD MAN COOKIE CUTTER,13
GINGHAM HEART  DOORSTOP RED,13
GIRLS ALPHABET IRON ON PATCHES ,13
GIRLS VINTAGE TIN SEASIDE BUCKET,13
GLAMOROUS  MUG,13
GLASS HEART T-LIGHT HOLDER ,13
GLASS JAR DAISY FRESH COTTON WOOL,13
GLASS JAR DIGESTIVE BISCUITS,13
GLASS JAR ENGLISH CONFECTIONERY,13
GLASS JAR KINGS CHOICE,13
GLASS JAR MARMALADE ,13
GLASS JAR PEACOCK BATH SALTS,13
GLASS STAR FROSTED T-LIGHT HOLDER,13
GLITTER BUTTERFLY CLIPS,13
GLITTER HANGING BUTTERFLY STRING,13
GOLD MINI TAPE MEASURE ,13
GRAND CHOCOLATECANDLE,13
GREEN BIRDHOUSE DECORATION,13
GREEN DRAWER KNOB ACRYLIC EDWARDIAN,13
GREEN ENAMEL FLOWER RING,13
GREEN FERN JOURNAL ,13
GREEN POLKADOT BOWL,13
GREEN POLKADOT PLATE ,13
GREEN REGENCY TEACUP AND SAUCER,13
GREEN ROSE WASHBAG,13
"GREETING CARD,SQUARE, DOUGHNUTS",13
GREY HEART HOT WATER BOTTLE,13
GROW A FLYTRAP OR SUNFLOWER IN TIN,13
GROW YOUR OWN BASIL IN ENAMEL MUG,13
GUMBALL COAT RACK,13
GUMBALL MAGAZINE RACK,13
HAIRCLIPS FORTIES FABRIC ASSORTED,13
HAND OVER THE CHOCOLATE   SIGN ,13
HAND WARMER BABUSHKA DESIGN,13
HAND WARMER OWL DESIGN,13
HANGING FAIRY CAKE DECORATION,13
HANGING HEART JAR T-LIGHT HOLDER,13
HANGING HEART MIRROR DECORATION ,13
HANGING HEART ZINC T-LIGHT HOLDER,13
HANGING HEN ON NEST DECORATION,13
HANGING METAL HEART LANTERN,13
HANGING METAL STAR LANTERN,13
HANGING PHOTO CLIP ROPE LADDER,13
HANGING WOOD AND FELT BUTTERFLY ,13
HANGING WOOD AND FELT FLOWER,13
HAPPY STENCIL CRAFT,13
HEART CALCULATOR,13
HEART DECORATION PAINTED ZINC ,13
HEART DECORATION RUSTIC HANGING ,13
HEART DECORATION WITH PEARLS ,13
HEART FILIGREE DOVE  SMALL,13
HEART FILIGREE DOVE LARGE,13
HEART IVORY TRELLIS LARGE,13
HEART IVORY TRELLIS SMALL,13
HEART OF WICKER LARGE,13
HEART OF WICKER SMALL,13
HEART STRING MEMO HOLDER HANGING,13
HEARTS  STICKERS,13
HEARTS GIFT TAPE,13
HEN HOUSE DECORATION,13
HERB MARKER BASIL,13
HERB MARKER CHIVES ,13
HERB MARKER MINT,13
HERB MARKER PARSLEY,13
HERB MARKER ROSEMARY,13
HERB MARKER THYME,13
HOLIDAY FUN LUDO,13
HOME BUILDING BLOCK WORD,13
HOME GARLAND PAINTED ZINC ,13
HOME SWEET HOME METAL SIGN ,13
HOME SWEET HOME MUG,13
HOMEMADE JAM SCENTED CANDLES,13
HOT BATHS METAL SIGN,13
HOT BATHS SOAP HOLDER,13
HOT WATER BOTTLE I AM SO POORLY,13
HYACINTH BULB T-LIGHT CANDLES,13
I'M ON HOLIDAY METAL SIGN,13
IF YOU CAN'T STAND THE HEAT MUG,13
ILLUSTRATED CAT BOWL ,13
IVORY DINER WALL CLOCK,13
IVORY ENCHANTED FOREST PLACEMAT,13
IVORY HANGING DECORATION  BIRD,13
IVORY HANGING DECORATION  HEART,13
IVORY KITCHEN SCALES,13
IVORY LOVE BIRD CANDLE,13
IVORY PAPER CUP CAKE CASES ,13
IVORY PILLAR CANDLE SILVER FLOCK,13
JAM JAR WITH GREEN LID,13
JAM JAR WITH PINK LID,13
JAM MAKING SET PRINTED,13
JAM MAKING SET WITH JARS,13
JAZZ HEARTS ADDRESS BOOK,13
JAZZ HEARTS PURSE NOTEBOOK,13
JIGSAW RABBIT AND BIRDHOUSE,13
JIGSAW TOADSTOOLS 3 PIECE,13
JIGSAW TREE WITH BIRDHOUSE,13
JIGSAW TREE WITH WATERING CAN,13
JUMBO  BAG BAROQUE BLACK WHITE,13
JUMBO BAG DOLLY GIRL DESIGN,13
JUMBO BAG PINK POLKADOT,13
JUMBO BAG PINK VINTAGE PAISLEY,13
JUMBO BAG RED RETROSPOT,13
JUMBO BAG SPACEBOY DESIGN,13
JUMBO BAG STRAWBERRY,13
JUMBO BAG TOYS ,13
JUMBO BAG WOODLAND ANIMALS,13
JUMBO SHOPPER VINTAGE RED PAISLEY,13
JUMBO STORAGE BAG SKULLS,13
JUMBO STORAGE BAG SUKI,13
KEY CABINET MA CAMPAGNE,13
"KEY FOB , BACK DOOR ",13
"KEY FOB , FRONT  DOOR ",13
"KEY FOB , SHED",13
KIDS RAIN MAC BLUE,13
KIDS RAIN MAC PINK,13
KINGS CHOICE BISCUIT TIN,13
KINGS CHOICE MUG,13
KINGS CHOICE TEA CADDY ,13
KITCHEN METAL SIGN,13
KITTY PENCIL ERASERS,13
KNITTED UNION FLAG HOT WATER BOTTLE,13
LADS ONLY TISSUE BOX,13
LANTERN CREAM GAZEBO ,13
LARGE CAKE STAND  HANGING STRAWBERY,13
LARGE CAKE TOWEL CHOCOLATE SPOTS,13
LARGE CAMPHOR WOOD FIELD MUSHROOM ,13
LARGE CHINESE STYLE SCISSOR,13
LARGE CIRCULAR MIRROR MOBILE,13
LARGE HANGING IVORY & RED WOOD BIRD,13
LARGE HEART MEASURING SPOONS,13
LARGE MEDINA STAMPED METAL BOWL ,13
LARGE PURPLE BABUSHKA NOTEBOOK  ,13
LARGE RED BABUSHKA NOTEBOOK ,13
LARGE ROUND WICKER PLATTER ,13
LARGE STRIPES CHOCOLATE GIFT BAG,13
LARGE WHITE HONEYCOMB PAPER BELL  ,13
LARGE YELLOW BABUSHKA NOTEBOOK ,13
LAUNDRY 15C METAL SIGN,13
LAVENDER SCENTED FABRIC HEART,13
"LETTER ""A"" BLING KEY RING",13
"LETTER ""D"" BLING KEY RING",13
"LETTER ""G"" BLING KEY RING",13
"LETTER ""K"" BLING KEY RING",13
LIGHT GARLAND BUTTERFILES PINK,13
LILAC DIAMANTE PEN IN GIFT BOX,13
LIPSTICK PEN BABY PINK,13
LIPSTICK PEN FUSCHIA,13
LIPSTICK PEN RED,13
LOCAL CAFE MUG,13
LONDON BUS COFFEE MUG,13
LOVE BUILDING BLOCK WORD,13
LOVE GARLAND PAINTED ZINC ,13
LOVE HEART TRINKET POT,13
LOVEBIRD HANGING DECORATION WHITE ,13
LOVELY BONBON STICKER SHEET,13
LUNCH BAG  BLACK SKULL.,13
LUNCH BAG CARS BLUE,13
LUNCH BAG DOLLY GIRL DESIGN,13
LUNCH BAG PINK POLKADOT,13
LUNCH BAG RED RETROSPOT,13
LUNCH BAG SPACEBOY DESIGN ,13
LUNCH BAG WOODLAND,13
LUNCH BOX I LOVE LONDON,13
LUNCH BOX WITH CUTLERY RETROSPOT ,13
MAGIC DRAWING SLATE BAKE A CAKE ,13
MAGIC DRAWING SLATE BUNNIES ,13
MAGIC DRAWING SLATE CIRCUS PARADE  ,13
MAGIC DRAWING SLATE DINOSAUR,13
MAGIC DRAWING SLATE DOLLY GIRL ,13
MAGIC DRAWING SLATE GO TO THE FAIR ,13
MAGIC DRAWING SLATE LEAP FROG ,13
MAGIC DRAWING SLATE PURDEY,13
MAGIC DRAWING SLATE SPACEBOY ,13
MAGIC SHEEP WOOL GROWING FROM PAPER,13
MAGIC TREE -PAPER FLOWERS,13
MAGNETS PACK OF 4 CHILDHOOD MEMORY,13
MAGNETS PACK OF 4 HOME SWEET HOME,13
MAGNETS PACK OF 4 RETRO PHOTO,13
MAGNETS PACK OF 4 SWALLOWS,13
MAGNETS PACK OF 4 VINTAGE COLLAGE,13
MAGNETS PACK OF 4 VINTAGE LABELS ,13
MAKE YOUR OWN FLOWERPOWER CARD KIT,13
MAKE YOUR OWN MONSOON CARD KIT,13
MAKE YOUR OWN PLAYTIME CARD KIT,13
MAN FLU METAL SIGN,13
MEASURING TAPE BABUSHKA BLUE,13
MEASURING TAPE BABUSHKA PINK,13
MEDIUM MEDINA STAMPED METAL BOWL ,13
MEMO BOARD COTTAGE DESIGN,13
MEMO BOARD RETROSPOT  DESIGN,13
METAL DECORATION NAUGHTY CHILDREN ,13
METAL SIGN CUPCAKE SINGLE HOOK,13
METAL SIGN EMPIRE TEA,13
METAL SIGN HER DINNER IS SERVED ,13
METAL SIGN HIS DINNER IS SERVED,13
METAL SIGN TAKE IT OR LEAVE IT ,13
"METAL SIGN,CUPCAKE SINGLE HOOK",13
MILK PAN BLUE POLKADOT,13
MILK PAN RED RETROSPOT,13
MINI CAKE STAND  HANGING STRAWBERY,13
MINI CAKE STAND T-LIGHT HOLDER,13
MINI CAKE STAND WITH HANGING CAKES,13
MINI JIGSAW BUNNIES,13
MINI JIGSAW CIRCUS PARADE ,13
MINI JIGSAW DINOSAUR ,13
MINI JIGSAW DOLLY GIRL,13
MINI JIGSAW LEAP FROG,13
MINI JIGSAW PURDEY,13
MINI JIGSAW SPACEBOY,13
MINI LADLE LOVE HEART PINK,13
MINI LADLE LOVE HEART RED ,13
MINI PAINT SET VINTAGE ,13
MINI PAINTED GARDEN DECORATION ,13
MINI WOODEN HAPPY BIRTHDAY GARLAND,13
MINT KITCHEN SCALES,13
MIRROR CORNICE,13
MIRROR MOSAIC CANDLE PLATE,13
MIRROR MOSAIC GOBLET CANDLE HOLDER,13
MIRROR MOSAIC HURRICANE LAMP ,13
MIRROR MOSAIC VOTIVE HOLDER,13
MIRRORED DISCO BALL ,13
MODERN FLORAL STATIONERY SET,13
MONEY BOX BISCUITS DESIGN,13
MONEY BOX HOUSEKEEPING DESIGN,13
MONEY BOX KINGS CHOICE DESIGN,13
MONEY BOX POCKET MONEY DESIGN,13
MONSTERS STENCIL CRAFT,13
MOODY BOY  DOOR HANGER ,13
MOODY GIRL DOOR HANGER ,13
MORE BUTTER METAL SIGN ,13
MOTORING TISSUE BOX,13
MOUSE TOY WITH PINK T-SHIRT,13
MR ROBOT SOFT TOY,13
MRS ROBOT SOFT TOY,13
MULTI COLOUR SILVER T-LIGHT HOLDER,13
MULTICOLOUR  CONFETTI IN TUBE,13
MULTICOLOUR 3D BALLS GARLAND,13
MULTICOLOUR HONEYCOMB FAN,13
MULTICOLOUR HONEYCOMB PAPER GARLAND,13
MULTICOLOUR SPRING FLOWER MUG,13
Manual,13
NAMASTE SWAGAT INCENSE,13
NATURAL SLATE CHALKBOARD LARGE ,13
NATURAL SLATE HEART CHALKBOARD ,13
NATURAL SLATE RECTANGLE CHALKBOARD,13
NOVELTY BISCUITS CAKE STAND 3 TIER,13
NUMBER TILE VINTAGE FONT 2,13
NUMBER TILE VINTAGE FONT 3,13
NUMBER TILE VINTAGE FONT 4,13
OFFICE MUG WARMER BLACK+SILVER ,13
OFFICE MUG WARMER CHOC+BLUE,13
OFFICE MUG WARMER PINK,13
OFFICE MUG WARMER POLKADOT,13
ORIGAMI LAVENDER INCENSE/CANDL SET ,13
ORIGAMI ROSE INCENSE/CANDLE SET ,13
ORIGAMI SANDLEWOOD INCENSE/CAND SET,13
ORIGAMI VANILLA INCENSE/CANDLE SET ,13
OVEN MITT APPLES DESIGN,13
OVERNIGHT BAG VINTAGE ROSE PAISLEY,13
OWL DOORSTOP,13
PACK 3 IRON ON DOG PATCHES,13
PACK 6 HEART/ICE-CREAM PATCHES,13
PACK OF 12 BLUE PAISLEY TISSUES ,13
PACK OF 12 CIRCUS PARADE TISSUES ,13
PACK OF 12 COLOURED PENCILS,13
PACK OF 12 HEARTS DESIGN TISSUES ,13
PACK OF 12 LONDON TISSUES ,13
PACK OF 12 PINK PAISLEY TISSUES ,13
PACK OF 12 PINK POLKADOT TISSUES,13
PACK OF 12 RED RETROSPOT TISSUES ,13
PACK OF 12 SKULL TISSUES,13
PACK OF 12 SPACEBOY TISSUES,13
PACK OF 12 STICKY BUNNIES,13
PACK OF 12 SUKI TISSUES ,13
PACK OF 12 TRADITIONAL CRAYONS,13
PACK OF 12 WOODLAND TISSUES ,13
PACK OF 20 NAPKINS PANTRY DESIGN,13
PACK OF 20 NAPKINS RED APPLES,13
PACK OF 20 SKULL PAPER NAPKINS,13
PACK OF 20 SPACEBOY NAPKINS,13
PACK OF 6 BIRDY GIFT TAGS,13
PACK OF 6 HANDBAG GIFT BOXES,13
PACK OF 6 SANDCASTLE FLAGS ASSORTED,13
PACK OF 6 SKULL PAPER CUPS,13
PACK OF 6 SKULL PAPER PLATES,13
PACK OF 6 SWEETIE GIFT BOXES,13
PACK OF 60 DINOSAUR CAKE CASES,13
PACK OF 60 MUSHROOM CAKE CASES,13
PACK OF 60 PINK PAISLEY CAKE CASES,13
PACK OF 60 SPACEBOY CAKE CASES,13
PACK OF 72 RETROSPOT CAKE CASES,13
PACK OF 72 SKULL CAKE CASES,13
PAINT YOUR OWN CANVAS SET,13
PAINTED LIGHTBULB RAINBOW DESIGN,13
PAINTED LIGHTBULB STAR+ MOON,13
PAINTED METAL PEARS ASSORTED,13
PAINTED PINK RABBIT ,13
PAINTED YELLOW WOODEN DAISY,13
PANDA AND BUNNIES STICKER SHEET,13
PAPER BUNTING RETROSPOT,13
PAPER BUNTING VINTAGE PAISLEY,13
PAPER CHAIN KIT 50'S CHRISTMAS ,13
PAPER CHAIN KIT RETROSPOT,13
PAPER CHAIN KIT SKULLS ,13
PAPER CHAIN KIT VINTAGE CHRISTMAS,13
PAPER POCKET TRAVELING FAN ,13
PAPERWEIGHT CHILDHOOD MEMORIES,13
PAPERWEIGHT VINTAGE COLLAGE,13
PARTY BUNTING,13
PARTY CONES CANDY ASSORTED,13
PARTY INVITES BALLOON GIRL,13
PARTY INVITES DINOSAURS,13
PARTY INVITES FOOTBALL,13
PARTY INVITES JAZZ HEARTS,13
PARTY INVITES SPACEMAN,13
PARTY INVITES WOODLAND,13
PARTY PIZZA DISH BLUE POLKADOT,13
PARTY PIZZA DISH RED RETROSPOT,13
PARTY TIME PENCIL ERASERS,13
PASTEL COLOUR HONEYCOMB FAN,13
PEACE WOODEN BLOCK LETTERS,13
PEARL CRYSTAL PUMPKIN T-LIGHT HLDR,13
PEG BAG APPLES DESIGN,13
PENCIL CASE LIFE IS BEAUTIFUL,13
PENNY FARTHING BIRTHDAY CARD,13
PENS ASSORTED FUNNY FACE,13
PHARMACIE FIRST AID TIN,13
PHOTO CLIP LINE,13
PHOTO CUBE,13
PHOTO FRAME 3 CLASSIC HANGING,13
PHOTO FRAME CORNICE,13
PICNIC BOXES SET OF 3 RETROSPOT ,13
PICTURE DOMINOES,13
PICTURE FRAME WOOD TRIPLE PORTRAIT,13
PIG KEYRING WITH LIGHT & SOUND ,13
PIN CUSHION BABUSHKA RED,13
PING MICROWAVE APRON,13
PINK  HEART SHAPE LOVE BUCKET ,13
PINK  HONEYCOMB PAPER FAN,13
PINK  POLKADOT CUP,13
PINK BABY BUNTING,13
PINK BLUE FELT CRAFT TRINKET BOX,13
PINK BUTTERFLY HANDBAG W BOBBLES,13
PINK CAT BOWL,13
PINK CREAM FELT CRAFT TRINKET BOX ,13
PINK DOG BOWL,13
PINK DOUGHNUT TRINKET POT ,13
PINK DRAWER KNOB ACRYLIC EDWARDIAN,13
PINK FAIRY CAKE CHILDRENS APRON,13
PINK FAIRY CAKE CUSHION COVER,13
PINK FLORAL FELTCRAFT SHOULDER BAG,13
PINK FLOWER CROCHET FOOD COVER,13
PINK HAPPY BIRTHDAY BUNTING,13
PINK LOVE HEART SHAPE CUP,13
PINK OWL SOFT TOY,13
PINK PAISLEY ROSE GIFT WRAP,13
PINK PAPER PARASOL ,13
PINK PARTY BAGS,13
PINK POLKADOT BOWL,13
PINK POLKADOT WRAP ,13
PINK SWEETHEART BRACELET,13
PINK UNION JACK  LUGGAGE TAG,13
PINK UNION JACK  PASSPORT COVER ,13
PINK VINTAGE PAISLEY PICNIC BAG,13
PIZZA PLATE IN BOX,13
PLACE SETTING WHITE HEART,13
PLACE SETTING WHITE STAR,13
PLASTERS IN TIN CIRCUS PARADE ,13
PLASTERS IN TIN SKULLS,13
PLASTERS IN TIN SPACEBOY,13
PLASTERS IN TIN STRONGMAN,13
PLASTERS IN TIN VINTAGE PAISLEY ,13
PLASTERS IN TIN WOODLAND ANIMALS,13
PLEASE ONE PERSON METAL SIGN,13
POCKET BAG BLUE PAISLEY RED SPOT,13
POCKET BAG PINK PAISELY BROWN SPOT,13
POLKA DOT RAFFIA FOOD COVER,13
POLKADOT RAIN HAT ,13
POLYESTER FILLER PAD 40x40cm,13
POLYESTER FILLER PAD 45x45cm,13
POMPOM CURTAIN,13
POPPY'S PLAYHOUSE BATHROOM,13
POPPY'S PLAYHOUSE BEDROOM ,13
POPPY'S PLAYHOUSE KITCHEN,13
POPPY'S PLAYHOUSE LIVINGROOM ,13
PORCELAIN BUDAH INCENSE HOLDER,13
PORCELAIN ROSE SMALL,13
PORCELAIN T-LIGHT HOLDERS ASSORTED,13
POSTAGE,13
POTTERING IN THE SHED METAL SIGN,13
POTTERING MUG,13
POTTING SHED SEED ENVELOPES,13
POTTING SHED TEA MUG,13
POTTING SHED TWINE,13
PURPLE DRAWERKNOB ACRYLIC EDWARDIAN,13
PURPLE PAPER PARASOL,13
PURPLE SWEETHEART BRACELET,13
QUEEN OF SKIES LUGGAGE TAG,13
QUEEN OF THE SKIES PASSPORT COVER ,13
QUEENS GUARD COFFEE MUG,13
RAIN PONCHO RETROSPOT,13
RAINY LADIES BIRTHDAY CARD,13
RECIPE BOX PANTRY YELLOW DESIGN,13
"RECORD FRAME 7"" SINGLE SIZE ",13
RECYCLED PENCIL WITH RABBIT ERASER,13
RECYCLING BAG RETROSPOT ,13
RED  EGG  SPOON,13
RED  HARMONICA IN BOX ,13
RED BABY BUNTING ,13
RED COAT RACK PARIS FASHION,13
RED DINER WALL CLOCK,13
RED DRAGONFLY HELICOPTER,13
RED DRAWER KNOB ACRYLIC EDWARDIAN,13
RED ENCHANTED FOREST PLACEMAT,13
RED FLORAL FELTCRAFT SHOULDER BAG,13
RED FLOWER CROCHET FOOD COVER,13
RED GINGHAM TEDDY BEAR ,13
RED HANGING HEART T-LIGHT HOLDER,13
RED HEART SHAPE LOVE BUCKET ,13
RED KITCHEN SCALES,13
RED LOVE HEART SHAPE CUP,13
RED METAL BEACH SPADE ,13
RED PAPER PARASOL,13
RED PUDDING SPOON,13
RED RETROSPOT APRON ,13
RED RETROSPOT BOWL,13
RED RETROSPOT CAKE STAND,13
RED RETROSPOT CHARLOTTE BAG,13
RED RETROSPOT CHILDRENS UMBRELLA,13
RED RETROSPOT CUP,13
RED RETROSPOT MINI CASES,13
RED RETROSPOT MUG,13
RED RETROSPOT OVEN GLOVE ,13
RED RETROSPOT PEG BAG,13
RED RETROSPOT PICNIC BAG,13
RED RETROSPOT PLATE ,13
RED RETROSPOT PUDDING BOWL,13
RED RETROSPOT PURSE ,13
RED RETROSPOT ROUND CAKE TINS,13
RED RETROSPOT SHOPPER BAG,13
RED RETROSPOT SHOPPING BAG,13
RED RETROSPOT SMALL MILK JUG,13
RED RETROSPOT SUGAR JAM BOWL,13
RED RETROSPOT TAPE,13
RED RETROSPOT TEA CUP AND SAUCER ,13
RED RETROSPOT TISSUE BOX,13
RED RETROSPOT UMBRELLA,13
RED RETROSPOT WRAP ,13
RED SPOT CERAMIC DRAWER KNOB,13
RED SPOTTY BISCUIT TIN,13
RED STRIPE CERAMIC DRAWER KNOB,13
RED TOADSTOOL LED NIGHT LIGHT,13
RED VICTORIAN FABRIC OVAL BOX,13
RED WOOLLY HOTTIE WHITE HEART.,13
REGENCY CAKESTAND 3 TIER,13
RETRO MOD TRAY,13
RETRO PLASTIC 70'S TRAY,13
RETRO PLASTIC DAISY TRAY,13
RETRO PLASTIC ELEPHANT TRAY,13
RETRO PLASTIC POLKA TRAY,13
RETROSPOT CANDLE  SMALL,13
RETROSPOT CHILDRENS APRON,13
RETROSPOT CIGAR BOX MATCHES ,13
RETROSPOT GIANT TUBE MATCHES,13
RETROSPOT HEART HOT WATER BOTTLE,13
RETROSPOT LARGE MILK JUG,13
RETROSPOT PADDED SEAT CUSHION,13
RETROSPOT PARTY BAG + STICKER SET,13
RETROSPOT SMALL TUBE MATCHES,13
RETROSPOT TEA SET CERAMIC 11 PC ,13
REX CASH+CARRY JUMBO SHOPPER,13
RIBBON REEL CHRISTMAS PRESENT ,13
RIBBON REEL CHRISTMAS SOCK BAUBLE,13
RIBBON REEL FLORA + FAUNA ,13
RIBBON REEL HEARTS DESIGN ,13
RIBBON REEL STRIPES DESIGN ,13
RING OF ROSES BIRTHDAY CARD,13
ROBOT BIRTHDAY CARD,13
ROMANTIC PINKS RIBBONS ,13
ROSE CARAVAN DOORSTOP,13
ROSE COTTAGE KEEPSAKE BOX ,13
ROSE DU SUD WASHBAG ,13
ROSE FOLKART HEART DECORATIONS,13
ROSE SCENT CANDLE IN JEWELLED BOX,13
ROSES REGENCY TEACUP AND SAUCER ,13
ROTATING LEAVES T-LIGHT HOLDER,13
ROTATING SILVER ANGELS T-LIGHT HLDR,13
ROUND CAKE TIN VINTAGE GREEN,13
ROUND CAKE TIN VINTAGE RED,13
ROUND CONTAINER SET OF 5 RETROSPOT,13
ROUND SNACK BOXES SET OF 4 FRUITS ,13
ROUND SNACK BOXES SET OF 4 SKULLS,13
ROUND SNACK BOXES SET OF4 WOODLAND ,13
S/4 CACTI CANDLES,13
S/4 IVORY MINI ROSE CANDLE IN BOWL,13
S/4 PINK FLOWER CANDLES IN BOWL,13
S/6 WOODEN SKITTLES IN COTTON BAG,13
SANDALWOOD FAN,13
SAVE THE PLANET COTTON TOTE BAG,13
SAVE THE PLANET MUG,13
SCANDINAVIAN PAISLEY PICNIC BAG,13
SCANDINAVIAN REDS RIBBONS,13
SCOTTIE DOG HOT WATER BOTTLE,13
SCOTTIE DOGS BABY BIB,13
SEASIDE FLYING DISC,13
SET 12 KIDS  WHITE CHALK STICKS,13
SET 12 KIDS COLOUR  CHALK STICKS,13
SET 12 RETRO WHITE CHALK STICKS,13
SET 20 NAPKINS FAIRY CAKES DESIGN ,13
"SET 3 RETROSPOT TEA,COFFEE,SUGAR",13
SET 3 WICKER STORAGE BASKETS ,13
SET 6 FOOTBALL CELEBRATION CANDLES,13
SET 7 BABUSHKA NESTING BOXES,13
SET OF 12  VINTAGE POSTCARD SET,13
SET OF 16 VINTAGE ROSE CUTLERY,13
SET OF 2 ROUND TINS CAMEMBERT ,13
SET OF 2 ROUND TINS DUTCH CHEESE,13
SET OF 2 TEA TOWELS APPLE AND PEARS,13
SET OF 2 TINS JARDIN DE PROVENCE,13
SET OF 2 TINS VINTAGE BATHROOM ,13
SET OF 2 WOODEN MARKET CRATES,13
SET OF 20 KIDS COOKIE CUTTERS,13
SET OF 3 BIRD LIGHT PINK FEATHER ,13
SET OF 3 BLACK FLYING DUCKS,13
SET OF 3 BUTTERFLY COOKIE CUTTERS,13
SET OF 3 CAKE TINS PANTRY DESIGN ,13
SET OF 3 CAKE TINS SKETCHBOOK,13
SET OF 3 HEART COOKIE CUTTERS,13
SET OF 36 DINOSAUR PAPER DOILIES,13
SET OF 36 PAISLEY FLOWER DOILIES,13
SET OF 36 TEATIME PAPER DOILIES,13
SET OF 4 BLACK LOVEBIRD COASTERS,13
SET OF 4 ENGLISH ROSE COASTERS,13
SET OF 4 ENGLISH ROSE PLACEMATS,13
SET OF 4 FAIRY CAKE PLACEMATS,13
SET OF 4 NAPKIN CHARMS 3 KEYS ,13
SET OF 4 NAPKIN CHARMS CUTLERY,13
SET OF 4 NAPKIN CHARMS HEARTS,13
SET OF 4 PISTACHIO LOVEBIRD COASTER,13
SET OF 4 POLKADOT COASTERS,13
SET OF 4 POLKADOT PLACEMATS ,13
SET OF 6 3D KIT CARDS FOR KIDS,13
SET OF 6 CAKE CHOPSTICKS,13
SET OF 6 FUNKY BEAKERS,13
SET OF 6 GIRLS CELEBRATION CANDLES,13
SET OF 6 HEART CHOPSTICKS,13
SET OF 6 HERB TINS SKETCHBOOK,13
SET OF 6 SOLDIER SKITTLES,13
SET OF 6 STRAWBERRY CHOPSTICKS,13
SET OF 6 T-LIGHTS CACTI ,13
SET OF 6 T-LIGHTS TOADSTOOLS,13
SET OF 6 T-LIGHTS WEDDING CAKE ,13
SET OF 72 PINK HEART PAPER DOILIES,13
SET OF 72 RETROSPOT PAPER  DOILIES,13
SET OF 9 BLACK SKULL BALLOONS,13
SET OF 9 HEART SHAPED BALLOONS,13
SET OF PICTURE FRAME  STICKERS,13
SET/10 BLUE POLKADOT PARTY CANDLES,13
SET/10 IVORY POLKADOT PARTY CANDLES,13
SET/10 PINK POLKADOT PARTY CANDLES,13
SET/10 RED POLKADOT PARTY CANDLES,13
SET/12 TAPER CANDLES,13
SET/2 RED RETROSPOT TEA TOWELS ,13
SET/20 RED RETROSPOT PAPER NAPKINS ,13
SET/3 RED GINGHAM ROSE STORAGE BOX,13
SET/3 VANILLA SCENTED CANDLE IN BOX,13
SET/4 BADGES BALLOON GIRL,13
SET/4 BADGES BEETLES,13
SET/4 BADGES CUTE CREATURES,13
SET/4 BADGES DOGS,13
SET/4 RED MINI ROSE CANDLE IN BOWL,13
SET/4 SKULL BADGES,13
SET/4 SPRING FLOWER DECORATION,13
SET/4 WHITE RETRO STORAGE CUBES ,13
SET/5 RED RETROSPOT LID GLASS BOWLS,13
SET/6 COLLAGE PAPER PLATES,13
SET/6 EAU DE NIL BIRD T-LIGHTS,13
SET/6 FROG PRINCE T-LIGHT CANDLES,13
SET/6 PINK  BUTTERFLY T-LIGHTS,13
SET/6 PINK BIRD T-LIGHT CANDLES,13
SET/6 PURPLE BUTTERFLY T-LIGHTS,13
SET/6 RED SPOTTY PAPER CUPS,13
SET/6 RED SPOTTY PAPER PLATES,13
SET/6 TURQUOISE BUTTERFLY T-LIGHTS,13
SET3 BOOK BOX GREEN GINGHAM FLOWER ,13
SEWING BOX RETROSPOT DESIGN ,13
SEWING SUSAN 21 NEEDLE SET,13
SILVER HANGING T-LIGHT HOLDER,13
SINGLE HEART ZINC T-LIGHT HOLDER,13
SKULL AND CROSSBONES  GARLAND ,13
SKULL DESIGN TV DINNER TRAY,13
SKULL LUNCH BOX WITH CUTLERY ,13
SKULL SHOULDER BAG,13
SKULLS  DESIGN  COTTON TOTE BAG,13
SKULLS  STICKERS,13
SKULLS  WATER TRANSFER TATTOOS ,13
SKULLS AND CROSSBONES WRAP,13
SKULLS GREETING CARD,13
SKULLS PARTY BAG + STICKER SET,13
SKULLS WRITING SET ,13
SLATE TILE NATURAL HANGING,13
SLEEPING CAT ERASERS,13
SMALL CAMPHOR WOOD FIELD  MUSHROOM,13
SMALL CHINESE STYLE SCISSOR,13
SMALL CHOCOLATES PINK BOWL,13
SMALL DOLLY MIX DESIGN ORANGE BOWL,13
SMALL GLASS HEART TRINKET POT,13
SMALL GLASS SUNDAE DISH CLEAR,13
SMALL HAMMERED SILVER CANDLEPOT ,13
SMALL HANGING IVORY/RED WOOD BIRD,13
SMALL HEART FLOWERS HOOK ,13
SMALL HEART MEASURING SPOONS,13
SMALL MARSHMALLOWS PINK BOWL,13
SMALL MEDINA STAMPED METAL BOWL ,13
SMALL PURPLE BABUSHKA NOTEBOOK ,13
SMALL RED BABUSHKA NOTEBOOK ,13
SMALL RED RETROSPOT MUG IN BOX ,13
SMALL SILVER FLOWER CANDLE POT,13
SMALL SQUARE CUT GLASS CANDLESTICK,13
SMALL WHITE RETROSPOT MUG IN BOX ,13
SMALL YELLOW BABUSHKA NOTEBOOK ,13
SOAP DISH BROCANTE,13
SOMBRERO ,13
SPACEBOY BIRTHDAY CARD,13
SPACEBOY CHILDRENS EGG CUP,13
SPACEBOY GIFT WRAP,13
SPACEBOY LUNCH BOX ,13
SPACEBOY TV DINNER TRAY,13
SPOTTY PINK DUCK DOORSTOP,13
SQUARE FLOOR CUSHION VINTAGE RED,13
STAR DECORATION RUSTIC,13
STARS GIFT TAPE ,13
STRAWBERRY BATH SPONGE ,13
STRAWBERRY CERAMIC TRINKET BOX,13
STRAWBERRY CHARLOTTE BAG,13
STRAWBERRY FAIRY CAKE TEAPOT,13
STRAWBERRY LUNCH BOX WITH CUTLERY,13
STRAWBERRY RAFFIA FOOD COVER,13
STRAWBERRY SHOPPER BAG,13
STRIPEY CHOCOLATE NESTING BOXES,13
SUKI  SHOULDER BAG,13
SUMMER DAISIES BAG CHARM,13
SUNSET COLOUR CHUNKY KNITTED THROW,13
SWALLOW SQUARE TISSUE BOX,13
SWEETHEART CERAMIC TRINKET BOX,13
SWEETHEART WIRE FRUIT BOWL,13
SWEETHEART WIRE MAGAZINE RACK,13
T-LIGHT HOLDER HANGING LACE,13
T-LIGHT HOLDER SWEETHEART HANGING,13
T-LIGHT HOLDER WHITE LACE,13
TABLECLOTH RED APPLES DESIGN ,13
TEA BAG PLATE RED RETROSPOT,13
TEA COSY BLUE STRIPE,13
TEA FOR ONE POLKADOT,13
TEA PARTY  WRAPPING PAPER ,13
TEA PARTY BIRTHDAY CARD,13
TEA TIME DES TEA COSY,13
TEA TIME KITCHEN APRON,13
TEA TIME OVEN GLOVE,13
TEA TIME PARTY BUNTING,13
TEA TIME TEAPOT IN GIFT BOX,13
TEATIME ROUND PENCIL SHARPENER ,13
TOADSTOOL MONEY BOX,13
TOAST ITS - FAIRY FLOWER,13
TOAST ITS - HAPPY BIRTHDAY,13
TOILET METAL SIGN,13
TOMATO CHARLIE+LOLA COASTER SET,13
TOOL BOX SOFT TOY ,13
TOOTHPASTE TUBE PEN,13
TOTE BAG I LOVE LONDON,13
TOXIC AREA  DOOR HANGER ,13
TOY TIDY DOLLY GIRL DESIGN,13
TOY TIDY PINK POLKADOT,13
TOY TIDY SPACEBOY  ,13
TRADITIONAL CHRISTMAS RIBBONS,13
TRADITIONAL KNITTING NANCY,13
TRADITIONAL MODELLING CLAY,13
TRADITIONAL WOODEN CATCH CUP GAME ,13
TRADITIONAL WOODEN SKIPPING ROPE,13
TRIPLE PHOTO FRAME CORNICE ,13
TROPICAL  HONEYCOMB PAPER GARLAND ,13
TROPICAL PASSPORT COVER ,13
TV DINNER TRAY DOLLY GIRL,13
TV DINNER TRAY VINTAGE PAISLEY,13
UNION JACK FLAG LUGGAGE TAG,13
UNION JACK FLAG PASSPORT COVER ,13
UNION STRIPE CUSHION COVER ,13
UNION STRIPE WITH FRINGE  HAMMOCK,13
URBAN BLACK RIBBONS ,13
VANILLA INCENSE IN TIN,13
VICTORIAN  METAL POSTCARD SPRING,13
VICTORIAN GLASS HANGING T-LIGHT,13
VICTORIAN SEWING BOX MEDIUM,13
VICTORIAN SEWING BOX SMALL ,13
VICTORIAN SEWING KIT,13
VINTAGE BILLBOARD LOVE/HATE MUG,13
VINTAGE BILLBOARD MUG ,13
VINTAGE CREAM 3 BASKET CAKE STAND,13
VINTAGE CREAM CAT FOOD CONTAINER,13
VINTAGE CREAM DOG FOOD CONTAINER,13
VINTAGE HEADS AND TAILS CARD GAME ,13
VINTAGE KID DOLLY CARD ,13
VINTAGE RED MUG,13
VINTAGE SEASIDE JIGSAW PUZZLES,13
VINTAGE SNAKES & LADDERS,13
VINTAGE SNAP CARDS,13
VINTAGE UNION JACK APRON,13
VINTAGE UNION JACK BUNTING,13
VINTAGE UNION JACK CUSHION COVER,13
VINTAGE UNION JACK DOORSTOP,13
VINTAGE UNION JACK MEMOBOARD,13
WALL MIRROR RECTANGLE DIAMANTE PINK,13
WALL TIDY RETROSPOT ,13
WASH BAG VINTAGE ROSE PAISLEY,13
WASHROOM METAL SIGN,13
WATERING CAN BLUE ELEPHANT,13
WATERING CAN GARDEN MARKER,13
WATERING CAN GREEN DINOSAUR,13
WATERING CAN PINK BUNNY,13
WELCOME  WOODEN BLOCK LETTERS,13
WHEELBARROW FOR CHILDREN ,13
WHITE BROCANTE SOAP DISH,13
WHITE HANGING HEART T-LIGHT HOLDER,13
WHITE HEART CONFETTI IN TUBE,13
WHITE HONEYCOMB PAPER GARLAND ,13
WHITE JEWELLED HEART DECORATION,13
WHITE LOVEBIRD LANTERN,13
WHITE SAGE INCENSE,13
WHITE SKULL HOT WATER BOTTLE ,13
WHITE SOAP RACK WITH 2 BOTTLES,13
WHITE SPOT BLUE CERAMIC DRAWER KNOB,13
WHITE SPOT RED CERAMIC DRAWER KNOB,13
WHITE TALL PORCELAIN T-LIGHT HOLDER,13
"WHITE TEA,COFFEE,SUGAR JARS",13
WHITE WIRE EGG HOLDER,13
WHITE WOOD GARDEN PLANT LADDER,13
WICKER STAR ,13
WICKER WREATH LARGE,13
WOOD 2 DRAWER CABINET WHITE FINISH,13
WOOD BLACK BOARD ANT WHITE FINISH,13
WOOD STAMP SET BEST WISHES,13
WOOD STAMP SET FLOWERS,13
WOOD STAMP SET HAPPY BIRTHDAY,13
WOOD STAMP SET THANK YOU,13
WOODEN BOX OF DOMINOES,13
WOODEN CROQUET GARDEN SET,13
WOODEN FRAME ANTIQUE WHITE ,13
WOODEN HAPPY BIRTHDAY GARLAND,13
WOODEN HEART CHRISTMAS SCANDINAVIAN,13
WOODEN OWLS LIGHT GARLAND ,13
WOODEN PICTURE FRAME WHITE FINISH,13
WOODEN REGATTA BUNTING,13
WOODEN ROUNDERS GARDEN SET ,13
WOODEN SCHOOL COLOURING SET,13
WOODEN SKITTLES GARDEN SET,13
WOODEN UNION JACK BUNTING,13
WOODLAND  HEIGHT CHART STICKERS ,13
WOODLAND  STICKERS,13
WOODLAND CHARLOTTE BAG,13
WOODLAND DESIGN  COTTON TOTE BAG,13
WOODLAND PARTY BAG + STICKER SET,13
WOODLAND STORAGE BOX SMALL,13
WORLD WAR 2 GLIDERS ASSTD DESIGNS,13
WOVEN BERRIES CUSHION COVER ,13
WOVEN BUBBLE GUM CUSHION COVER,13
WOVEN ROSE GARDEN CUSHION COVER ,13
WRAP CIRCUS PARADE,13
WRAP COWBOYS  ,13
WRAP DOLLY GIRL,13
WRAP ENGLISH ROSE ,13
WRAP GREEN PEARS ,13
WRAP I LOVE LONDON ,13
WRAP MONSTER FUN ,13
WRAP PINK FAIRY CAKES ,13
WRAP RED APPLES ,13
WRAP SUKI AND FRIENDS,13
YELLOW GIANT GARDEN THERMOMETER,13
YOU'RE CONFUSING ME METAL SIGN ,13
ZINC FOLKART SLEIGH BELLS,13
ZINC HEART LATTICE T-LIGHT HOLDER,13
ZINC METAL HEART DECORATION,13
ZINC WILLIE WINKIE  CANDLE STICK,13
